motif_ID	motif_ALT_ID	motif_Score	seq_ID	seq_Score	seq_Class	is_holdout?
1-CGCGASCAGY	STREME-1	1.1e-005	AEP_01563	16.28	tp	0
1-CGCGASCAGY	STREME-1	1.1e-005	AEP_03530	13.95	tp	0
1-CGCGASCAGY	STREME-1	1.1e-005	AEP_00244	13.95	tp	0
1-CGCGASCAGY	STREME-1	1.1e-005	AEP_02507	13.95	tp	0
1-CGCGASCAGY	STREME-1	1.1e-005	AEP_03085	13.07	tp	0
1-CGCGASCAGY	STREME-1	1.1e-005	AEP_02291	12.86	tp	0
1-CGCGASCAGY	STREME-1	1.1e-005	AEP_02866	11.67	tp	0
1-CGCGASCAGY	STREME-1	1.1e-005	AEP_01002	10.87	tp	0
1-CGCGASCAGY	STREME-1	1.1e-005	AEP_01167	10.62	tp	0
1-CGCGASCAGY	STREME-1	1.1e-005	AEP_03915	9.79	tp	0
1-CGCGASCAGY	STREME-1	1.1e-005	AEP_02411	9.40	tp	0
1-CGCGASCAGY	STREME-1	1.1e-005	AEP_01745	9.13	tp	0
1-CGCGASCAGY	STREME-1	1.1e-005	AEP_01562	9.06	tp	0
1-CGCGASCAGY	STREME-1	1.1e-005	AEP_01143	8.95	tp	0
#
2-CCGAAAAGYCT	STREME-2	7.2e-005	AEP_02291	16.13	tp	0
2-CCGAAAAGYCT	STREME-2	7.2e-005	AEP_00244	16.08	tp	0
2-CCGAAAAGYCT	STREME-2	7.2e-005	AEP_01997	14.18	tp	0
2-CCGAAAAGYCT	STREME-2	7.2e-005	AEP_RS02305	13.80	tp	0
2-CCGAAAAGYCT	STREME-2	7.2e-005	AEP_00873	13.40	tp	0
2-CCGAAAAGYCT	STREME-2	7.2e-005	AEP_01002	13.05	tp	0
2-CCGAAAAGYCT	STREME-2	7.2e-005	AEP_03530	12.90	tp	0
2-CCGAAAAGYCT	STREME-2	7.2e-005	AEP_00214	12.68	tp	0
2-CCGAAAAGYCT	STREME-2	7.2e-005	AEP_02136	11.90	tp	0
2-CCGAAAAGYCT	STREME-2	7.2e-005	AEP_01167	10.02	tp	0
2-CCGAAAAGYCT	STREME-2	7.2e-005	AEP_01577	9.85	tp	0
2-CCGAAAAGYCT	STREME-2	7.2e-005	AEP_01562	9.84	tp	0
#
3-TTATGAAAAA	STREME-3	2.3e-004	AEP_00873	15.14	tp	0
3-TTATGAAAAA	STREME-3	2.3e-004	AEP_03530	15.14	tp	0
3-TTATGAAAAA	STREME-3	2.3e-004	AEP_02732	13.41	tp	0
3-TTATGAAAAA	STREME-3	2.3e-004	AEP_01997	13.37	tp	0
3-TTATGAAAAA	STREME-3	2.3e-004	AEP_02507	13.00	tp	0
3-TTATGAAAAA	STREME-3	2.3e-004	AEP_02223	12.06	fp	0
3-TTATGAAAAA	STREME-3	2.3e-004	AEP_01167	11.47	tp	0
3-TTATGAAAAA	STREME-3	2.3e-004	AEP_03915	11.43	tp	0
3-TTATGAAAAA	STREME-3	2.3e-004	AEP_02291	11.28	tp	0
3-TTATGAAAAA	STREME-3	2.3e-004	AEP_02653	10.94	tp	0
3-TTATGAAAAA	STREME-3	2.3e-004	AEP_RS14945	10.43	tp	0
3-TTATGAAAAA	STREME-3	2.3e-004	AEP_03085	9.96	tp	0
3-TTATGAAAAA	STREME-3	2.3e-004	AEP_02732	9.96	fp	0
3-TTATGAAAAA	STREME-3	2.3e-004	AEP_00244	7.64	tp	0
3-TTATGAAAAA	STREME-3	2.3e-004	AEP_01309	7.54	tp	0
3-TTATGAAAAA	STREME-3	2.3e-004	AEP_02249	7.34	tp	0
3-TTATGAAAAA	STREME-3	2.3e-004	AEP_02954	7.30	tp	0
#
4-CTACAGKAA	STREME-4	4.4e-004	AEP_03915	14.39	tp	0
4-CTACAGKAA	STREME-4	4.4e-004	AEP_01997	12.77	tp	0
4-CTACAGKAA	STREME-4	4.4e-004	AEP_01563	12.45	tp	0
4-CTACAGKAA	STREME-4	4.4e-004	AEP_00438	12.21	tp	0
4-CTACAGKAA	STREME-4	4.4e-004	AEP_01850	11.49	tp	0
4-CTACAGKAA	STREME-4	4.4e-004	AEP_02291	11.37	tp	0
4-CTACAGKAA	STREME-4	4.4e-004	AEP_02732	10.87	tp	0
4-CTACAGKAA	STREME-4	4.4e-004	AEP_02411	10.64	tp	0
4-CTACAGKAA	STREME-4	4.4e-004	AEP_00873	10.60	tp	0
4-CTACAGKAA	STREME-4	4.4e-004	AEP_01577	9.46	tp	0
#
5-CAAGYSCCYRMMHB	STREME-5	1.0e-003	AEP_03915	19.06	tp	0
5-CAAGYSCCYRMMHB	STREME-5	1.0e-003	AEP_02653	18.69	tp	0
5-CAAGYSCCYRMMHB	STREME-5	1.0e-003	AEP_01002	16.98	tp	0
5-CAAGYSCCYRMMHB	STREME-5	1.0e-003	AEP_RS02305	14.50	tp	0
5-CAAGYSCCYRMMHB	STREME-5	1.0e-003	AEP_02223	13.50	tp	0
5-CAAGYSCCYRMMHB	STREME-5	1.0e-003	AEP_00438	12.72	tp	0
5-CAAGYSCCYRMMHB	STREME-5	1.0e-003	AEP_02107	12.70	tp	0
5-CAAGYSCCYRMMHB	STREME-5	1.0e-003	AEP_02980	12.36	tp	0
5-CAAGYSCCYRMMHB	STREME-5	1.0e-003	AEP_00244	10.84	tp	0
