motif_ID	motif_ALT_ID	seq_ID	site_Start	site_End	site_Strand	site_Score	site_Sequence
1-CGCGASCAGY	STREME-1	AEP_01563	66	75	-	16.28	CGCGACCAGT
1-CGCGASCAGY	STREME-1	AEP_03530	8	17	-	13.95	CGCGAGCAGC
1-CGCGASCAGY	STREME-1	AEP_00244	34	43	+	13.95	CGCGAGCAGC
1-CGCGASCAGY	STREME-1	AEP_02507	38	47	-	13.95	CGCGAGCAGC
1-CGCGASCAGY	STREME-1	AEP_03085	41	50	+	13.07	CGCGAGTAGC
1-CGCGASCAGY	STREME-1	AEP_02291	5	14	+	12.86	CGCAAGCAGT
1-CGCGASCAGY	STREME-1	AEP_02866	3	12	-	11.67	CGCAAGCAGC
1-CGCGASCAGY	STREME-1	AEP_01002	12	21	+	10.87	CACAACCAGC
1-CGCGASCAGY	STREME-1	AEP_01167	46	55	-	10.62	GACGACCTGT
1-CGCGASCAGY	STREME-1	AEP_03915	2	11	-	9.79	GGCGACCACT
1-CGCGASCAGY	STREME-1	AEP_02411	43	52	-	9.40	CACGACGTGT
1-CGCGASCAGY	STREME-1	AEP_01745	4	13	-	9.13	CGCCACCGGT
1-CGCGASCAGY	STREME-1	AEP_01562	32	41	+	9.06	TGCGATCTGT
1-CGCGASCAGY	STREME-1	AEP_01143	23	32	-	8.95	CGCAGGCAGT
2-CCGAAAAGYCT	STREME-2	AEP_02291	47	57	-	16.13	CCGAAAAGCCT
2-CCGAAAAGYCT	STREME-2	AEP_00244	1	11	-	16.08	CCGAAAAGTCT
2-CCGAAAAGYCT	STREME-2	AEP_01997	46	56	+	14.18	CCGATAACTCT
2-CCGAAAAGYCT	STREME-2	AEP_RS02305	73	83	+	13.80	CCGAAGACCCT
2-CCGAAAAGYCT	STREME-2	AEP_00873	31	41	-	13.40	CCCAAAACCCT
2-CCGAAAAGYCT	STREME-2	AEP_01002	105	115	-	13.05	CCTAAAACTCT
2-CCGAAAAGYCT	STREME-2	AEP_03530	48	58	+	12.90	CCTAAAAGCCA
2-CCGAAAAGYCT	STREME-2	AEP_00873	12	22	+	12.73	CCCAATAGCCT
2-CCGAAAAGYCT	STREME-2	AEP_00214	51	61	-	12.68	CCCAAAAGTAT
2-CCGAAAAGYCT	STREME-2	AEP_02136	29	39	-	11.90	CCCAAAGGCCT
2-CCGAAAAGYCT	STREME-2	AEP_01167	82	92	+	10.02	ACGACAACCAT
2-CCGAAAAGYCT	STREME-2	AEP_01577	29	39	-	9.85	ACGATAAGCCC
2-CCGAAAAGYCT	STREME-2	AEP_01562	3	13	-	9.84	CCGAACAGCAA
3-TTATGAAAAA	STREME-3	AEP_03530	83	92	+	15.14	TTATGAAAAA
3-TTATGAAAAA	STREME-3	AEP_00873	73	82	-	15.14	TTATGAAAAA
3-TTATGAAAAA	STREME-3	AEP_02732	59	68	+	13.41	TTATGAAGAG
3-TTATGAAAAA	STREME-3	AEP_01997	11	20	+	13.37	TTATGCAAAA
3-TTATGAAAAA	STREME-3	AEP_02507	76	85	-	13.00	TTATGTAGAA
3-TTATGAAAAA	STREME-3	AEP_02507	24	33	+	12.47	CTATGAAAAC
3-TTATGAAAAA	STREME-3	AEP_01167	14	23	-	11.47	CTATGCAAAA
3-TTATGAAAAA	STREME-3	AEP_03915	65	74	-	11.43	TTAAGAAAAC
3-TTATGAAAAA	STREME-3	AEP_02291	77	86	-	11.28	TTACGAAAAC
3-TTATGAAAAA	STREME-3	AEP_02653	74	83	-	10.94	TTATGAAACT
3-TTATGAAAAA	STREME-3	AEP_RS14945	5	14	-	10.43	TTATAAGAAA
3-TTATGAAAAA	STREME-3	AEP_03085	2	11	-	9.96	CTATCAAAAA
3-TTATGAAAAA	STREME-3	AEP_00244	48	57	-	7.64	CTATAAAAAT
3-TTATGAAAAA	STREME-3	AEP_01309	53	62	-	7.54	CTATCAGAAC
3-TTATGAAAAA	STREME-3	AEP_02249	20	29	+	7.34	TTACAAGAAA
3-TTATGAAAAA	STREME-3	AEP_02954	10	19	-	7.30	TTACAAAAAC
4-CTACAGKAA	STREME-4	AEP_03915	18	26	-	14.39	CTACAGGAA
4-CTACAGKAA	STREME-4	AEP_01997	72	80	-	12.77	CTACGGTAA
4-CTACAGKAA	STREME-4	AEP_01563	50	58	-	12.45	CGACAGTAA
4-CTACAGKAA	STREME-4	AEP_00438	46	54	+	12.21	CTACCGGAG
4-CTACAGKAA	STREME-4	AEP_01850	18	26	-	11.49	GTACAGGAA
4-CTACAGKAA	STREME-4	AEP_02291	37	45	+	11.37	CTACATTAG
4-CTACAGKAA	STREME-4	AEP_02732	4	12	-	10.87	CTACAGTGG
4-CTACAGKAA	STREME-4	AEP_02411	13	21	-	10.64	CCACTGTAA
4-CTACAGKAA	STREME-4	AEP_00873	122	130	+	10.60	CCACAGGTA
4-CTACAGKAA	STREME-4	AEP_01577	62	70	+	9.46	CAACCGGAA
5-CAAGYSCCYRMMHB	STREME-5	AEP_03915	43	56	+	19.06	CAAGTGCCTACACT
5-CAAGYSCCYRMMHB	STREME-5	AEP_02653	10	23	+	18.69	CAAGCGCCTACCCC
5-CAAGYSCCYRMMHB	STREME-5	AEP_01002	48	61	-	16.98	CAAGTGCCCACAAG
5-CAAGYSCCYRMMHB	STREME-5	AEP_RS02305	35	48	+	14.50	CAAGCCCCCGCCTC
5-CAAGYSCCYRMMHB	STREME-5	AEP_02223	45	58	-	13.50	GAAGCTCCTAAAAG
5-CAAGYSCCYRMMHB	STREME-5	AEP_00438	10	23	-	12.72	TAAGCCCCTGCTCC
5-CAAGYSCCYRMMHB	STREME-5	AEP_02107	30	43	+	12.70	GAAGCGCATAAAAT
5-CAAGYSCCYRMMHB	STREME-5	AEP_02980	1	14	+	12.36	CAAGTCCGTCAACG
5-CAAGYSCCYRMMHB	STREME-5	AEP_00244	15	28	+	10.84	CTAGCGCCCGTCTT
