RANK	SEED_MOTIF	CLUSTER	SOURCE	ID	ALT_ID	CONSENSUS	WIDTH	SITES	SEA_PVALUE	EVALUE	EVALUE_ACC	SIM_SOURCE	SIM_MOTIF	MOTIF_URL
1	1	1	STREME	1-CGCGASCAGY	STREME-1	CGCGASCAGY	10	14	1.06e-005	1.06e-005	0	db/motif_databases/PROKARYOTE/collectf.meme	EXPREG_000004d0 (AmrZ_P.aeruginosa)	http://www.collectf.org/EXPREG_000004d0
2	1	2	STREME	2-CCGAAAAGYCT	STREME-2	CCGAAAAGYCT	11	12	7.21e-005	7.21e-005	0	db/motif_databases/PROKARYOTE/collectf.meme	EXPREG_000010c0 (CodY_B.anthracis)	http://www.collectf.org/EXPREG_000010c0
3	1	3	STREME	4-CTACAGKAA	STREME-4	CTACAGKAA	9	10	4.39e-004	4.39e-004	0	db/motif_databases/PROKARYOTE/collectf.meme	EXPREG_000010e0 (LexA_V.parahaemolyticus)	http://www.collectf.org/EXPREG_000010e0
3	1	4	STREME	5-CAAGYSCCYRMMHB	STREME-5	CAAGYSCCYRMMHB	14	9	4.39e-004	1.04e-003	0	db/motif_databases/PROKARYOTE/collectf.meme	EXPREG_00001440 (ExpR_S.meliloti)	http://www.collectf.org/EXPREG_00001440
4	1	5	STREME	3-TTATGAAAAA	STREME-3	TTATGAAAAA	10	17	7.00e-004	2.33e-004	0	db/motif_databases/PROKARYOTE/collectf.meme	EXPREG_00000330 (CodY_S.pyogenes)	http://www.collectf.org/EXPREG_00000330

# XSTREME (Motif Discovery and Enrichment Analysis): Version 5.5.4 released on Fri Jun 16 12:19:08 2023 -0700
# The format of this file is described at https://meme-suite.org/meme/doc/xstreme-output-format.html
# xstreme --oc . --time 240 --streme-totallength 4000000 --meme-searchsize 100000 --dna --evt 0.05 --minw 6 --maxw 15 --align center --meme-mod zoops --m db/motif_databases/PROKARYOTE/collectf.meme --p target_promoter_sequences.faa
